{"DNN": [1.6754355430603027, 0.39010000228881836], "DNN-BN": [1.6149784326553345, 0.4146000146865845]}